<?xml version="1.0"?>
<!--
/**
 * Copyright © Magento, Inc. All rights reserved.
 * See COPYING.txt for license details.
 */
-->
<config xmlns:xsi="http://www.w3.org/2001/XMLSchema-instance" xsi:noNamespaceSchemaLocation="urn:magento:module:Magento_Config:etc/system_file.xsd">
    <system>
        <tab id="ad" translate="label" sortOrder="10">
            <label>Ad Feedback Survey</label>
        </tab>
        <section id="survey" translate="label" type="text" sortOrder="100" showInDefault="1" showInWebsite="1" showInStore="1">
            <group id="Ad_Feedback_Survey_Module" translate="label" type="text" sortOrder="10" showInDefault="1" showInWebsite="1" showInStore="1">
                <label>Ad Feedback Survey</label>
                <field id="active" translate="label" sortOrder="10" type="select" showInDefault="1" showInWebsite="0" showInStore="0">
                    <label>Enable</label>
                    <source_model>Magento\Config\Model\Config\Source\Yesno</source_model>
                    <comment>Select "Yes" to enable the module.</comment>
                </field>
            </group>
        </section>
    </system>
</config>
